{
  "accuracy": 0.8,
  "precision": 1.0,
  "recall": 0.7894736842105263,
  "f1": 0.8823529411764706,
  "auroc": 0.8421052631578947,
  "auprc": 0.9916743613419512,
  "ece": 0.23531301580369476,
  "tp": 15,
  "fp": 0,
  "tn": 1,
  "fn": 4,
  "timestamp": "2026-07-10T10:14:21.866053+00:00"
}