{
  "accuracy": 1.0,
  "precision": 1.0,
  "recall": 1.0,
  "f1": 1.0,
  "auroc": 0.0,
  "auprc": 0.0,
  "ece": 0.06030278205871584,
  "tp": 5,
  "fp": 0,
  "tn": 0,
  "fn": 0,
  "timestamp": "2026-07-10T06:05:40.125693+00:00"
}