{
  "bipia_benign": {
    "avg_length": 497.2412790697674,
    "avg_sentences": 7.479651162790698,
    "pct_summarize": 0.0,
    "pct_review": 3.1976744186046515,
    "pct_search": 0.0,
    "pct_send": 3.1976744186046515,
    "pct_forward": 0.0,
    "pct_ignore": 0.0,
    "pct_system": 0.0,
    "pct_assistant": 0.0,
    "pct_prompt": 0.0,
    "pct_schedule": 0.0,
    "pct_meeting": 0.0,
    "pct_imperative_cues": 15.69767441860465,
    "pct_ai_words": 0.0,
    "pct_security_words": 0.0
  },
  "bipia_attack": {
    "avg_length": 517.0526732673268,
    "avg_sentences": 7.984818481848185,
    "pct_summarize": 1.3333333333333335,
    "pct_review": 3.2871287128712874,
    "pct_search": 0.0,
    "pct_send": 1.9801980198019802,
    "pct_forward": 1.3333333333333335,
    "pct_ignore": 0.0,
    "pct_system": 0.0,
    "pct_assistant": 0.0,
    "pct_prompt": 0.0,
    "pct_schedule": 1.3333333333333335,
    "pct_meeting": 0.0,
    "pct_imperative_cues": 11.881188118811881,
    "pct_ai_words": 1.3333333333333335,
    "pct_security_words": 0.0
  },
  "handcrafted_benign": {
    "avg_length": 94.55,
    "avg_sentences": 2.1266666666666665,
    "pct_summarize": 0.0,
    "pct_review": 28.999999999999996,
    "pct_search": 21.0,
    "pct_send": 21.666666666666668,
    "pct_forward": 18.666666666666668,
    "pct_ignore": 7.666666666666666,
    "pct_system": 18.333333333333332,
    "pct_assistant": 6.333333333333334,
    "pct_prompt": 2.0,
    "pct_schedule": 16.666666666666664,
    "pct_meeting": 16.0,
    "pct_imperative_cues": 49.0,
    "pct_ai_words": 18.0,
    "pct_security_words": 6.666666666666667
  }
}