{
  "accuracy": 1.0,
  "precision": 1.0,
  "recall": 1.0,
  "f1": 1.0,
  "auroc": 0.0,
  "auprc": 0.0,
  "ece": 0.0015708923339843306,
  "tp": 5,
  "fp": 0,
  "tn": 0,
  "fn": 0,
  "timestamp": "2026-07-10T05:26:41.642671+00:00"
}